name,taste,price,category,Type
Formula 1 – Parfum Vanille 550 grs,,52,FORMULA 1,Nutrition interne
Formula 1 – Parfum Vanille 780 grs,,66,FORMULA 1,Nutrition interne
Formula 1 – Parfum Chocolat 550 grs,,52,FORMULA 1,Nutrition interne
Formula 1 – Parfum Fraise 550 grs,,52,FORMULA 1,Nutrition interne
Formula 1 – Parfum Crème de Banane  550 grs,,52,FORMULA 1,Nutrition interne
Formula 1 – Parfum Délice de Fraise  550 grs,,52,FORMULA 1,Nutrition interne
Formula 1 – Parfum Pomme Epicée  550 grs,,52,FORMULA 1,Nutrition interne
Formula 1 – Parfum Café Latte 550 grs,,52,FORMULA 1,Nutrition interne
Formula 1 – Parfum Cookie Crunch 550 grs,,52,FORMULA 1,Nutrition interne
Formula 1 – Parfum Douceur de Fruits rouges 550 grs,,52,FORMULA 1,Nutrition interne
Formula 1 – Duo Menthe Chocolat 550 grs,,52,FORMULA 1,Nutrition interne
Formula 1 – Parfum Framboise Myrtille 550 grs,,52,FORMULA 1,Nutrition interne
"Formula 1 – sans gluten, sans lactose ajouté, sans soja ajouté  550 grs",,60,FORMULA 1,Nutrition interne
Formula 1 – Vanille - 7 sachets,,20,FORMULA 1,Nutrition interne
Formula 1 – Cookies & Cream - 7 sachets,,20,FORMULA 1,Nutrition interne
Barres Repas Formula 1 - Chocolat,,25.5,FORMULA 1,Nutrition interne
Barres Repas Formula 1 - Baies Rouges,,25.5,FORMULA 1,Nutrition interne
Pro 20 Select – Shake protéiné à diluer dans de l’eau,,69,SELECT,Nutrition interne
Tri Blend Select,,75.5,SELECT,Nutrition interne
Graines  de Soja Grillées,,21,EN-CAS PROTEINES,Nutrition interne
Soupe Gourmet à la Tomate,,53.5,EN-CAS PROTEINES,Nutrition interne
Barres aux Protéines – Vanille-amandes,,25.5,EN-CAS PROTEINES,Nutrition interne
Barres aux Protéines – Chocolat-cacahuètes,,25.5,EN-CAS PROTEINES,Nutrition interne
Barres aux Protéines – Citron,,25.5,EN-CAS PROTEINES,Nutrition interne
Mélange pour Boisson  Protéinée - Parfum vanille,,62.5,EN-CAS PROTEINES,Nutrition interne
Formula 3 – Personalised Protein Powder,,40.5,COMPLEMENTS,Nutrition interne
Complexe vitamines et minéraux Homme,,25.5,COMPLEMENTS,Nutrition interne
Complexe vitamines et minéraux Femme,,25.5,COMPLEMENTS,Nutrition interne
Complément Alimentaire à Base de Fibres et de Plantes,,22,COMPLEMENTS,Nutrition interne
Thermo Complete™,,52.5,COMPLEMENTS,Nutrition interne
Herbalifeline Max,,33.5,COMPLEMENTS,Nutrition interne
Beta Heart,,47,COMPLEMENTS,Nutrition interne
Cell Activator,,40,COMPLEMENTS,Nutrition interne
Mineral Complex Plus,,34,COMPLEMENTS,Nutrition interne
Roseguard,,39.5,COMPLEMENTS,Nutrition interne
Niteworks,,93,COMPLEMENTS,Nutrition interne
Xtra-Cal,,20,COMPLEMENTS,Nutrition interne
Boisson Concentrée à l’aloe Vera -Classique 473ml,,44.5,BOISSONS,Nutrition interne
Boisson Concentrée à l’aloe Vera - Mangue 473ml,,44.5,BOISSONS,Nutrition interne
AloeMax,,51,BOISSONS,Nutrition interne
Boisson instantanée à base de thé 50g Original,,33.5,BOISSONS,Nutrition interne
Boisson instantanée à base de thé 100g Original,,60.5,BOISSONS,Nutrition interne
Boisson instantanée à base de thé 50g Citron,,33.5,BOISSONS,Nutrition interne
Boisson instantanée à base de thé 50g Framboise,,33.5,BOISSONS,Nutrition interne
Boisson instantanée à base de thé 50g Pêche,,33.5,BOISSONS,Nutrition interne
Boisson multi-fibres,,35.5,BOISSONS,Nutrition interne
"Pack Fit & Form - F1 Chocolat, Thé Original et Boisson protéinée",,148.5,PACKS,Nutrition interne
"Pack Fit & Form - F1 Chocolat, Thé Pêche et Boisson protéinée",,148.5,PACKS,Nutrition interne
"Pack Fit & Form - F1 Chocolat, Thé Framboise et Boisson protéinée",,148.5,PACKS,Nutrition interne
"Pack Fit & Form - F1 Chocolat, Thé Citron et Boisson protéinée",,148.5,PACKS,Nutrition interne
"Pack Fit & Form - F1 Vanille, Thé Original et Boisson protéinée",,148.5,PACKS,Nutrition interne
"Pack Fit & Form - F1 Vanille, Thé Pêche et Boisson protéinée",,148.5,PACKS,Nutrition interne
"Pack Fit & Form - F1 Vanille, Thé Framboise et Boisson protéinée",,148.5,PACKS,Nutrition interne
"Pack Fit & Form - F1 Vanille, Thé Citron et Boisson protéinée",,148.5,PACKS,Nutrition interne
"Pack Petit Déjeuner - F1 Chocolat, Thé Original et Boisson Aloe Mangue",,130.5,PACKS,Nutrition interne
"Pack Petit Déjeuner - F1 Chocolat, Thé Pêche et Boisson Aloe Mangue",,130.5,PACKS,Nutrition interne
"Pack Petit Déjeuner - F1 Chocolat, Thé Framboise et Boisson Aloe Mangue",,130.5,PACKS,Nutrition interne
"Pack Petit Déjeuner - F1 Chocolat, Thé Citron et Boisson Aloe Mangue",,130.5,PACKS,Nutrition interne
"Pack Petit Déjeuner - F1 Vanille, Thé Original et Boisson Aloe Mangue",,130.5,PACKS,Nutrition interne
"Pack Petit Déjeuner - F1 Vanille, Thé Pêche et Boisson Aloe Mangue",,130.5,PACKS,Nutrition interne
"Pack Petit Déjeuner - F1 Vanille, Thé Framboise et Boisson Aloe Mangue",,130.5,PACKS,Nutrition interne
"Pack Petit Déjeuner - F1 Vanille, Thé Citron et Boisson Aloe Mangue",,130.5,PACKS,Nutrition interne
"Pack Thémix avec Thé parfum Original 100g, Boisson multifibres et Boisson protéinée",,159,PACKS,Nutrition interne
"Pack Thémix avec Thé parfum Original 50g, Boisson multifibres et Boisson protéinée",,132,PACKS,Nutrition interne
"Pack Thémix avec Thé parfum Pêche 50g, Boisson multifibres et Boisson protéinée",,132,PACKS,Nutrition interne
"Pack Thémix avec Thé parfum Citron 50g, Boisson multifibres et Boisson protéinée",,132,PACKS,Nutrition interne
"Pack Thémix avec Thé parfum Framboise 50g, Boisson multifibres et Boisson protéinée",,132,PACKS,Nutrition interne
Formula 1 Sport,,68.5,"SPORT, FORME & VITALITE",Nutrition interne
Tablettes au Guarana,,28,"SPORT, FORME & VITALITE",Nutrition interne
Liftoff™ – Citron - Citron vert,,32.5,"SPORT, FORME & VITALITE",Nutrition interne
Restore,,44.5,"SPORT, FORME & VITALITE",Nutrition interne
Hydrate,,48.5,"SPORT, FORME & VITALITE",Nutrition interne
Prolong,,67,"SPORT, FORME & VITALITE",Nutrition interne
Rebuild Endurance,,97,"SPORT, FORME & VITALITE",Nutrition interne
Rebuild Strength,,68.5,"SPORT, FORME & VITALITE",Nutrition interne
CR7 Drive - boîte,,22.5,"SPORT, FORME & VITALITE",Nutrition interne
CR7 Drive - sachets,,13.5,"SPORT, FORME & VITALITE",Nutrition interne
Nettoyant apaisant à l'aloe Vera (tube de 150 ml),,27,SKIN® - LA NUTRITION INTELLIGENTE,Nututrition externe
Gommage nettoyant aux agrumes (tube de 150 ml),,27,SKIN® - LA NUTRITION INTELLIGENTE,Nututrition externe
Lotion tonique Revitalisante (flacon spray de 50 ml),,20.5,SKIN® - LA NUTRITION INTELLIGENTE,Nututrition externe
Sérum réducteur de rides (flacon pompe airless de 50 ml),,70.5,SKIN® - LA NUTRITION INTELLIGENTE,Nututrition externe
Gel Fermeté contour des yeux (flacon pompe airless de 15 ml),,42.5,SKIN® - LA NUTRITION INTELLIGENTE,Nututrition externe
Crème hydratante Contour des Yeux (flacon pompe airless de 15 ml),,42.5,SKIN® - LA NUTRITION INTELLIGENTE,Nututrition externe
Crème hydratante FPS 30 (flacon pompe airless de 50 ml),,53,SKIN® - LA NUTRITION INTELLIGENTE,Nututrition externe
Hydratant Eclat Quotidien (flacon pompe airless de 50 ml),,53,SKIN® - LA NUTRITION INTELLIGENTE,Nututrition externe
Crème de Nuit régénératrice  (flacon pompe airless de 50 ml),,53,SKIN® - LA NUTRITION INTELLIGENTE,Nututrition externe
Exfoliant Instantané aux Baies Rouges (tube de 120 ml),,21,SKIN® - LA NUTRITION INTELLIGENTE,Nututrition externe
Masque d'Argile purifiant à la Menthe (tube de 120 ml),,23,SKIN® - LA NUTRITION INTELLIGENTE,Nututrition externe
Coffret Beauté 7 jours (set de 5 mini-produits),,28.5,SKIN® - LA NUTRITION INTELLIGENTE,Nututrition externe
Herbal Aloe – Shampoing Fortifiant,,15,SOINS CORPS ET CHEVEUX,Nututrition externe
Herbal Aloe – Après-shampoing Fortifiant,,15,SOINS CORPS ET CHEVEUX,Nututrition externe
Herbal Aloe – Savon Mains et Corps,,15,SOINS CORPS ET CHEVEUX,Nututrition externe
Herbal Aloe – Lait Quotidien Apaisant Mains et Corps,,14.5,SOINS CORPS ET CHEVEUX,Nututrition externe
Herbal Aloe – Gel Apaisant,,14.5,SOINS CORPS ET CHEVEUX,Nututrition externe
Herbal Aloe – Pain de Savon pour le Corps,,10,SOINS CORPS ET CHEVEUX,Nututrition externe
